{"stats":{"minecraft:used":{"minecraft:lever":15,"minecraft:black_wool":1,"minecraft:command_block":15,"minecraft:red_wool":15,"minecraft:red_concrete":630,"minecraft:redstone":66,"minecraft:barrier":13,"minecraft:blue_wool":12,"minecraft:ender_pearl":23,"minecraft:blue_bed":1,"minecraft:stone_brick_stairs":9,"minecraft:stone_bricks":20,"minecraft:polished_blackstone_bricks":96,"minecraft:bedrock":51,"minecraft:torch":14,"minecraft:diamond_block":5,"minecraft:repeater":40,"minecraft:redstone_lamp":26,"minecraft:emerald_block":1,"minecraft:red_bed":2,"minecraft:light_blue_wool":8,"minecraft:birch_sign":1,"minecraft:gold_block":2,"minecraft:blue_concrete":232},"minecraft:mined":{"minecraft:redstone_wire":1},"minecraft:picked_up":{"minecraft:repeater":2,"minecraft:polished_blackstone_bricks":2,"minecraft:redstone":7,"minecraft:command_block":3,"minecraft:lever":1,"minecraft:iron_ingot":1,"minecraft:golden_apple":248,"minecraft:red_concrete":1},"minecraft:dropped":{"minecraft:gold_block":1,"minecraft:iron_ingot":1,"minecraft:red_concrete":5,"minecraft:repeater":2,"minecraft:polished_blackstone_bricks":2,"minecraft:command_block":3,"minecraft:golden_apple":17,"minecraft:redstone":3},"minecraft:custom":{"minecraft:time_since_rest":16204,"minecraft:sprint_one_cm":20568,"minecraft:damage_taken":540,"minecraft:walk_one_cm":46251,"minecraft:drop":24,"minecraft:damage_dealt":10,"minecraft:fly_one_cm":303723,"minecraft:crouch_one_cm":9499,"minecraft:play_one_minute":79729,"minecraft:deaths":1,"minecraft:sneak_time":5643,"minecraft:jump":216,"minecraft:leave_game":1,"minecraft:time_since_death":16173,"minecraft:fall_one_cm":1560}},"DataVersion":2586}